dataset,auc,normal_precision,normal_recall,normal_f1,abnormal_precision,abnormal_recall,abnormal_f1,tn,fp,fn,tp
val,0.8338068181818181,0.15789473684210525,0.75,0.2608695652173913,0.9863013698630136,0.8181818181818182,0.8944099378881987,72,16,1,3
test,0.7083946980854198,0.23076923076923078,0.6428571428571429,0.339622641509434,0.9305555555555556,0.6907216494845361,0.7928994082840237,67,30,5,9
