product,strategy,abnormal_recall,normal_recall
100W,XGBoost v3,0.575,0.75
100W,Hybrid v1,0.575,0.75
100W,Hybrid v2,0.575,0.75
200W,XGBoost v3,0.9649122807017544,0.5
200W,Hybrid v1,0.9824561403508771,0.0
200W,Hybrid v2,0.9824561403508771,0.0
