fold,auc,precision_abnormal,recall_abnormal,f1_abnormal,precision_normal,recall_normal,f1_normal
1,0.9991570073761855,0.984375,0.9692307692307692,0.9767441860465116,0.972972972972973,0.9863013698630136,0.979591836734694
2,0.9933647260273972,1.0,0.921875,0.959349593495935,0.9358974358974359,1.0,0.9668874172185431
3,0.9982876712328768,0.9682539682539683,0.953125,0.9606299212598425,0.9594594594594594,0.9726027397260274,0.9659863945578231
4,0.998929794520548,0.9833333333333333,0.921875,0.9516129032258064,0.935064935064935,0.9863013698630136,0.9600000000000001
5,0.9944349315068494,0.9836065573770492,0.9375,0.96,0.9473684210526315,0.9863013698630136,0.9664429530201343
