fold,accuracy,auc,precision_normal,recall_normal,precision_abnormal,recall_abnormal
1,0.5288461538461539,0.6204081632653061,0.5,0.12244897959183673,0.532608695652174,0.8909090909090909
2,0.6666666666666666,0.7821339950372208,0.4782608695652174,0.3548387096774194,0.726027397260274,0.8153846153846154
3,0.6644736842105263,0.7531656857499555,0.88,0.4943820224719101,0.5588235294117647,0.9047619047619048
4,0.6055045871559633,0.6166023166023166,0.3181818181818182,0.2,0.6781609195402298,0.7972972972972973
5,0.31555555555555553,0.4049883540372671,0.7058823529411765,0.07453416149068323,0.28365384615384615,0.921875
