feature,normal_mean,normal_median,normal_std,abnormal_mean,abnormal_median,abnormal_std,ratio_mean,ratio_median
acc_Y_rms_high,0.09744330598862312,0.08937289191756057,0.03878008438666157,0.2544763783233172,0.10084028888652667,0.4869917902228366,2.611532682943129,1.1283095659424769
Gyro_Y_rms_low,0.01074829796292043,0.010625024423517728,0.0031240884256455072,0.022473546387169547,0.012272738559156915,0.039575136500663244,2.090893503762082,1.1550786209951753
Gyro_Y_rms_high,0.0014033157604158755,0.0013732967914872037,0.0004353031000097311,0.002925796550416118,0.0015789275837509785,0.0052354220905736285,2.0849167613916433,1.1497351435890912
Gyro_Y_rms_mid,0.003586756888834838,0.00360663181497028,0.001016972184974009,0.007458655751426008,0.003973680624254876,0.013090116904115693,2.079498550527343,1.1017705238890931
acc_Y_rms_low,0.03772191535672528,0.034075056876659175,0.013777296101292538,0.06345213452115643,0.038993828042422796,0.08071907402309482,1.6821026695253378,1.1443510771990197
acc_Sum_rms_low,0.0357969503515374,0.03506848718645396,0.010801769402867194,0.05797279106019497,0.038149005748252966,0.06398037712086857,1.6194896629708337,1.0878429270535779
acc_Sum_rms_high,0.06387179473591323,0.06358442642853104,0.02134570437783108,0.10236335299214039,0.06261535985253872,0.11743859902007099,1.6026378061768238,0.9847593722170073
acc_Y_rms_mid,0.08305223639170568,0.08388552969699789,0.024036788208220153,0.12243284014283234,0.0856343238682606,0.122122018128172,1.4741666866788858,1.0208473878341058
acc_Sum_rms_mid,0.07091191415581019,0.06516089578048354,0.026753115968767532,0.08199522256464242,0.06816042335085822,0.05105310909454977,1.156296844342399,1.0460326325236473
