Strategy,TN,FP,FN,TP,Precision_Abnormal,Recall_Abnormal,F1_Abnormal,Precision_Normal,Recall_Normal,F1_Normal,AUC
XGBoost (τ=0.5),67,30,5,9,0.9305555555555556,0.6907216494845361,0.7928994082840237,0.23076923076923078,0.6428571428571429,0.339622641509434,
RMS (T=0.15),45,52,1,13,0.9782608695652174,0.4639175257731959,0.6293706293706294,0.2,0.9285714285714286,0.32911392405063294,
Hybrid (XGB | RMS),78,19,6,8,0.9285714285714286,0.8041237113402062,0.861878453038674,0.2962962962962963,0.5714285714285714,0.3902439024390244,
